Estimate.ID,Study.ID,Kingdom,Phylum,Class,Order,Family,Genus,species.epithet,Trait.cat,Traits.numb,lambda.1,lambda.2,ratio_21,ndim,ndim_ntraits,Notes,Year,Journal,Authors,Title,DOI,Volume,Issue,StartingPage,EndingPage
1,11,Animalia,Arthropoda,Insecta,Diptera,Drosophilidae,Drosophila,serrata,Morph,8,0.493,0.146,0.296146045,1.51,0.19,,2004,American Naturalist,"Blows, MW; Chenoweth, SF; Hine, E",Orientation of the genetic variance-covariance matrix and the fitness surface for multiple male sexually selected traits,10.1086/381941,163,3,329,340
2,18,Animalia,Chordata,Reptilia,Squamata,Colubridae,Thamnophis,elegans,Morph,6,9.867,4.656,0.47187595,1.54,0.26,Costal Male,1999,Evolution,"Arnold, SJ; Phillips, PC","Hierarchical comparison of genetic variance-covariance matrices. II. Coastal-inland divergence in the garter snake, Thamnophis elegans",10.1111/j.1558-5646.1999.tb05415.x,53,5,1516,1527
3,18,Animalia,Chordata,Reptilia,Squamata,Colubridae,Thamnophis,elegans,Morph,6,7.855,7.042,0.896499045,2,0.33,Costal Female,1999,Evolution,"Arnold, SJ; Phillips, PC","Hierarchical comparison of genetic variance-covariance matrices. II. Coastal-inland divergence in the garter snake, Thamnophis elegans",10.1111/j.1558-5646.1999.tb05415.x,53,5,1516,1527
4,18,Animalia,Chordata,Reptilia,Squamata,Colubridae,Thamnophis,elegans,Morph,6,11.436,7.166,0.626617698,1.68,0.28,Inland Male,1999,Evolution,"Arnold, SJ; Phillips, PC","Hierarchical comparison of genetic variance-covariance matrices. II. Coastal-inland divergence in the garter snake, Thamnophis elegans",10.1111/j.1558-5646.1999.tb05415.x,53,5,1516,1527
5,18,Animalia,Chordata,Reptilia,Squamata,Colubridae,Thamnophis,elegans,Morph,6,11.991,4.414,0.368109415,1.4,0.23,Inland Female,1999,Evolution,"Arnold, SJ; Phillips, PC","Hierarchical comparison of genetic variance-covariance matrices. II. Coastal-inland divergence in the garter snake, Thamnophis elegans",10.1111/j.1558-5646.1999.tb05415.x,53,5,1516,1527
6,21,Animalia,Chordata,Mammalia,Rodentia,Cricetidae,Peromyscus,maniculatus,Morph,15,6.894,3.576,0.518711923,2.79,0.19,Subspecies: bairdii,1986,Evolution,"Lofsvold, D",Quantitative genetics of morphological-differentiation in peromyscus .1. tests of the homogeneity of genetic covariance structure among species and subspecies,10.1111/j.1558-5646.1986.tb00507.x,40,3,559,573
7,21,Animalia,Chordata,Mammalia,Rodentia,Cricetidae,Peromyscus,maniculatus,Morph,15,6.101,5.176,0.848385511,3.53,0.24,Subspecies: nebrascensis,1986,Evolution,"Lofsvold, D",Quantitative genetics of morphological-differentiation in peromyscus .1. tests of the homogeneity of genetic covariance structure among species and subspecies,10.1111/j.1558-5646.1986.tb00507.x,40,3,559,573
8,21,Animalia,Chordata,Mammalia,Rodentia,Cricetidae,Peromyscus,leucopus,Morph,15,11.709,4.602,0.393031002,1.87,0.12,Subspecies: noveborascensis,1986,Evolution,"Lofsvold, D",Quantitative genetics of morphological-differentiation in peromyscus .1. tests of the homogeneity of genetic covariance structure among species and subspecies,10.1111/j.1558-5646.1986.tb00507.x,40,3,559,573
9,25,Animalia,Arthropoda,Insecta,Diptera,Drosophilidae,Drosophila,melanogaster,Morph,6,23.642,15.105,0.638905338,2.19,0.36,Outbred,2001,Genetics,"Phillips, PC; Whitlock, MC; Fowler, K",Inbreeding changes the shape of the genetic covariance matrix in Drosophila melanogaster,,158,3,1137,1145
9,25,Animalia,Arthropoda,Insecta,Diptera,Drosophilidae,Drosophila,melanogaster,Morph,6,17.152,8.967,0.522796175,2.01,0.34,Inbred,2001,Genetics,"Phillips, PC; Whitlock, MC; Fowler, K",Inbreeding changes the shape of the genetic covariance matrix in Drosophila melanogaster,,158,3,1137,1145
10,32,Animalia,Chordata,Actinopterygii,Atheriniformes,Melanotaeniidae,Melanotaenia,spp,Morph,21,7.83,1.207,0.154150702,1.25,0.06,,2005,American Naturalist,"McGuigan, K; Chenoweth, SF; Blows, MW",Phenotypic divergence along lines of genetic variance,10.1086/426600,165,1,32,43
11,33,Viridiplantae ,Embryophyta,Superrosids,Brassicales,Brassicaceae,Raphanus,raphanistrum,Morph,6,3.132,1.222,0.390166028,1.84,0.31,Greenhouse,2003,Evolution,"Conner, JK; Franks, R; Stewart, C",Expression of additive genetic variances and covariances for wild radish floral traits: Comparison between field and greenhouse environments,,57,3,487,495
12,33,Viridiplantae ,Embryophyta,Superrosids,Brassicales,Brassicaceae,Raphanus,raphanistrum,Morph,6,1.403,0.447,0.318602994,1.52,0.25,Field,2003,Evolution,"Conner, JK; Franks, R; Stewart, C",Expression of additive genetic variances and covariances for wild radish floral traits: Comparison between field and greenhouse environments,,57,3,487,495
13,35,Viridiplantae ,Embryophyta,Superrosids,Myrtales,Onagraceae,Oenothera,biennis,Mixed,24,11584.947,2622.645,0.226383858,1.35,0.06,,2009,Journal Of Evolutionary Biology,"Johnson, M. T. J.; Agrawal, A. A.; Maron, J. L.; Salminen, J. -P.","Heritability, covariation and natural selection on 24 traits of common evening primrose (Oenothera biennis) from a field experiment",10.1111/j.1420-9101.2009.01747.x,22,6,1295,1307
14,43,Animalia,Arthropoda,Insecta,Lepidoptera,Pyralidae,Plodia ,interpunctella,Mixed,3,5.242,0.279,0.05322396,1.05,0.35,Male,2011,Evolution,"Lewis, Zenobia; Wedell, Nina; Hunt, John","Evidence for strong intralocus sexual conflict in the indian meal moth, plodia interpunctella",10.1111/j.1558-5646.2011.01267.x,65,7,2085,2097
15,43,Animalia,Arthropoda,Insecta,Lepidoptera,Pyralidae,Plodia ,interpunctella,Mixed,3,0.805,0.029,0.036024845,1.04,0.35,Female,2011,Evolution,"Lewis, Zenobia; Wedell, Nina; Hunt, John","Evidence for strong intralocus sexual conflict in the indian meal moth, plodia interpunctella",10.1111/j.1558-5646.2011.01267.x,65,7,2085,2097
16,51,Animalia,Arthropoda,Insecta,Orthoptera,Gryllidae,Gryllus,veletis,Morph,5,2.876,0.841,0.292420028,1.53,0.31,,2003,Evolution,"Begin, M; Roff, DA",The constancy of the G matrix through species divergence and the effects of quantitative genetic constraints on phenotypic evolution: A case study in crickets,,57,5,1107,1120
17,51,Animalia,Arthropoda,Insecta,Orthoptera,Gryllidae,Gryllus,firmus,Morph,5,7.284,1.603,0.220071389,1.33,0.27,,2003,Evolution,"Begin, M; Roff, DA",The constancy of the G matrix through species divergence and the effects of quantitative genetic constraints on phenotypic evolution: A case study in crickets,,57,5,1107,1120
18,51,Animalia,Arthropoda,Insecta,Orthoptera,Gryllidae,Gryllus,pennsylvanicus,Morph,5,7.347,1.655,0.225262012,1.42,0.28,,2003,Evolution,"Begin, M; Roff, DA",The constancy of the G matrix through species divergence and the effects of quantitative genetic constraints on phenotypic evolution: A case study in crickets,,57,5,1107,1120
19,53,Animalia,Arthropoda,Insecta,Diptera,Drosophilidae,Drosophila,serrata,Morph,4,35.321,6.603,0.186942612,1.32,0.33,FAC_Female,2003,American Naturalist,"Blows, MW; Higgie, M",Genetic constraints on the evolution of mate recognition under natural selection,10.1086/345783,161,2,240,253
20,53,Animalia,Arthropoda,Insecta,Diptera,Drosophilidae,Drosophila,serrata,Morph,4,25.613,11.272,0.440089017,1.53,0.38,FAC_Male,2003,American Naturalist,"Blows, MW; Higgie, M",Genetic constraints on the evolution of mate recognition under natural selection,10.1086/345783,161,2,240,253
21,53,Animalia,Arthropoda,Insecta,Diptera,Drosophilidae,Drosophila,serrata,Morph,4,47.586,20.77,0.436472912,1.9,0.47,FSC_Female,2003,American Naturalist,"Blows, MW; Higgie, M",Genetic constraints on the evolution of mate recognition under natural selection,10.1086/345783,161,2,240,253
22,53,Animalia,Arthropoda,Insecta,Diptera,Drosophilidae,Drosophila,serrata,Morph,4,55.03,8.704,0.158168272,1.26,0.32,FSC_Male,2003,American Naturalist,"Blows, MW; Higgie, M",Genetic constraints on the evolution of mate recognition under natural selection,10.1086/345783,161,2,240,253
23,53,Animalia,Arthropoda,Insecta,Diptera,Drosophilidae,Drosophila,serrata,Morph,4,46.574,18.442,0.395972002,1.64,0.41,FAT_Female,2003,American Naturalist,"Blows, MW; Higgie, M",Genetic constraints on the evolution of mate recognition under natural selection,10.1086/345783,161,2,240,253
24,53,Animalia,Arthropoda,Insecta,Diptera,Drosophilidae,Drosophila,serrata,Morph,4,39.268,6.639,0.169068962,1.34,0.34,FAT_Male,2003,American Naturalist,"Blows, MW; Higgie, M",Genetic constraints on the evolution of mate recognition under natural selection,10.1086/345783,161,2,240,253
25,53,Animalia,Arthropoda,Insecta,Diptera,Drosophilidae,Drosophila,serrata,Morph,4,96.85,21.545,0.222457408,1.3,0.32,FST_Female,2003,American Naturalist,"Blows, MW; Higgie, M",Genetic constraints on the evolution of mate recognition under natural selection,10.1086/345783,161,2,240,253
26,53,Animalia,Arthropoda,Insecta,Diptera,Drosophilidae,Drosophila,serrata,Morph,4,52.218,8.024,0.153663488,1.27,0.32,FST_Male,2003,American Naturalist,"Blows, MW; Higgie, M",Genetic constraints on the evolution of mate recognition under natural selection,10.1086/345783,161,2,240,253
27,54,Animalia,Arthropoda,Insecta,Orthoptera,Gryllidae,Gryllus,integer,Morph,5,2.551,0.729,0.285770286,1.47,0.29,,2004,Evolution,"Begin, M; Roff, DA",From micro- to macroevolution through quantitative genetic variation: Positive evidence from field crickets,,58,10,2287,2304
28,54,Animalia,Arthropoda,Insecta,Orthoptera,Gryllidae,Gryllus,texensis,Morph,5,6.244,0.788,0.126201153,1.2,0.24,,2004,Evolution,"Begin, M; Roff, DA",From micro- to macroevolution through quantitative genetic variation: Positive evidence from field crickets,,58,10,2287,2304
29,54,Animalia,Arthropoda,Insecta,Orthoptera,Gryllidae,Gryllus,rubens,Morph,5,8.842,0.628,0.071024655,1.14,0.23,,2004,Evolution,"Begin, M; Roff, DA",From micro- to macroevolution through quantitative genetic variation: Positive evidence from field crickets,,58,10,2287,2304
30,54,Animalia,Arthropoda,Insecta,Orthoptera,Gryllidae,Teleogryllus,oceanicus,Morph,5,6.409,0.692,0.107973163,1.15,0.23,,2004,Evolution,"Begin, M; Roff, DA",From micro- to macroevolution through quantitative genetic variation: Positive evidence from field crickets,,58,10,2287,2304
31,57,Viridiplantae ,Embryophyta,Superasterids,Caryophyllales,Caryophyllaceae,Silene,latifolia,Morph,7,0.146,0.054,0.369863014,1.78,0.25,Male,2007,Evolution,"Steven, Janet C.; Delph, Lynda F.; Brodie, Edmund D., III","Sexual dimorphism in the quantitative-genetic architecture of floral, leaf, and allocation traits in Silene latifolia",10.1111/j.1558-5646.2007.00004.x,61,1,42,57
32,57,Viridiplantae ,Embryophyta,Superasterids,Caryophyllales,Caryophyllaceae,Silene,latifolia,Morph,7,0.073,0.059,0.808219178,2.55,0.36,Female,2007,Evolution,"Steven, Janet C.; Delph, Lynda F.; Brodie, Edmund D., III","Sexual dimorphism in the quantitative-genetic architecture of floral, leaf, and allocation traits in Silene latifolia",10.1111/j.1558-5646.2007.00004.x,61,1,42,57
33,59,Animalia,Arthropoda,Insecta,Diptera,Drosophilidae,Drosophila,bunnanda,Morph,10,6.504,3.813,0.586254613,2.21,0.22,Male,2007,Evolution,"McGuigan, Katrina; Blows, Mark W.",The phenotypic and genetic covariance structure of drosphilid wings,10.1111/j.1558-5646.2007.00078.x,61,4,902,911
34,59,Animalia,Arthropoda,Insecta,Diptera,Drosophilidae,Drosophila,bunnanda,Morph,10,15.71,12.652,0.805346913,2.27,0.23,Female,2007,Evolution,"McGuigan, Katrina; Blows, Mark W.",The phenotypic and genetic covariance structure of drosphilid wings,10.1111/j.1558-5646.2007.00078.x,61,4,902,911
35,79,Animalia,Arthropoda,Insecta,Lepidoptera,Pyralidae,Achroia,grisella,Mixed,7,29416.898,125.819,0.0042771,1.01,0.14,,2004,JOURNAL OF EVOLUTIONARY BIOLOGY,"Brandt, LSE; Greenfield, MD",Condition-dependent traits and the capture of genetic variance in male advertisement song,10.1111/j.1420-9101.2004.00716.x,17,4,821,828
36,82,Animalia,Arthropoda,Insecta,Diptera,Drosophilidae,Drosophila,melanogaster,Morph,6,23.642,15.105,0.638905338,2.19,0.36,,2002,EVOLUTION,"Whitlock, MC; Phillips, PC; Fowler, K",Persistence of changes in the genetic covariance matrix after a bottleneck,,56,10,1968,1975
37,90,Animalia,Arthropoda,Insecta,Diptera,Drosophilidae,Drosophila,serrata,Morph,7,1.231,0.44,0.357432981,2.11,0.3,Male,2012,EVOLUTION,"Gosden, Thomas P.; Shastri, Krishna-Lila; Innocenti, Paolo; Chenoweth, Stephen F.",THE B-MATRIX HARBORS SIGNIFICANT AND SEX-SPECIFIC CONSTRAINTS ON THE EVOLUTION OF MULTICHARACTER SEXUAL DIMORPHISM,10.1111/j.1558-5646.2012.01579.x,66,7,2106,2116
37,90,Animalia,Arthropoda,Insecta,Diptera,Drosophilidae,Drosophila,serrata,Morph,7,1.486,0.621,0.417900404,2,0.29,Female,2012,EVOLUTION,"Gosden, Thomas P.; Shastri, Krishna-Lila; Innocenti, Paolo; Chenoweth, Stephen F.",THE B-MATRIX HARBORS SIGNIFICANT AND SEX-SPECIFIC CONSTRAINTS ON THE EVOLUTION OF MULTICHARACTER SEXUAL DIMORPHISM,10.1111/j.1558-5646.2012.01579.x,66,7,2106,2116
38,92,Animalia,Chordata,Aves,Passeriformes,Hirundinidae,Hirundo,rustica,Mixed,5,0.731,0.298,0.407660739,2.01,0.4,Danish Pop.,2011,JOURNAL OF EVOLUTIONARY BIOLOGY,"Teplitsky, C.; Mouawad, N. G.; Balbontin, J.; de Lope, F.; Moller, A. P.",Quantitative genetics of migration syndromes: a study of two barn swallow populations,10.1111/j.1420-9101.2011.02342.x,24,9,2025,2039
38,92,Animalia,Chordata,Aves,Passeriformes,Hirundinidae,Hirundo,rustica,Mixed,5,0.716,0.135,0.188547486,1.59,0.32,Spanish Pop.,2011,JOURNAL OF EVOLUTIONARY BIOLOGY,"Teplitsky, C.; Mouawad, N. G.; Balbontin, J.; de Lope, F.; Moller, A. P.",Quantitative genetics of migration syndromes: a study of two barn swallow populations,10.1111/j.1420-9101.2011.02342.x,24,9,2025,2039
39,94,Animalia,Chordata,Actinopterygii,Gasterosteiformes,Gasterosteidae,Gasterosteus,aculeatus,Morph,11,72.963,12.967,0.177720214,1.44,0.13,,2011,JOURNAL OF EVOLUTIONARY BIOLOGY,"Leinonen, T.; Cano, J. M.; Merila, J.",Genetics of body shape and armour variation in threespine sticklebacks,10.1111/j.1420-9101.2010.02161.x,24,1,206,218
40,104,Viridiplantae ,Embryophyta,Superasterids,Solanales,Convolvulaceae,Ipomoea,hederacea,Morph,6,2.529,1.652,0.653222618,1.9,0.32,,2008,EVOLUTION,"Smith, Robin Ann; Rausher, Mark D.",SELECTION FOR CHARACTER DISPLACEMENT IS CONSTRAINED BY THE GENETIC ARCHITECTURE OF FLORAL TRAITS IN THE IVYLEAF MORNING GLORY,10.1111/j.1558-5646.2008.00494.x,62,11,2829,2841
41,112,Animalia,Chordata,Mammalia,Rodentia,Cricetidae,Myodes,glareolus,Phys,5,0.294,0.117,0.397959184,1.56,0.31,,2010,AMERICAN NATURALIST,"Schroderus, Eero; Jokinen, Ilmari; Koivula, Minna; Koskela, Esa; Mappes, Tapio; Mills, Suzanne C.; Oksanen, Tuula A.; Poikonen, Tanja",Intra- and Intersexual Trade-Offs between Testosterone and Immune System: Implications for Sexual and Sexually Antagonistic Selection,10.1086/656264,176,4,E90,E97
42,115,Viridiplantae ,Embryophyta,Superasterids,Solanales,Solanaceae,Solanum,carolinense,Mixed,14,331.506,160.155,0.483113428,2.18,0.16,Multiple Pred. Species,2013,EVOLUTION,"Wise, Michael J.; Rausher, Mark D.","EVOLUTION OF RESISTANCE TO A MULTIPLE-HERBIVORE COMMUNITY: GENETIC CORRELATIONS, DIFFUSE COEVOLUTION, AND CONSTRAINTS ON THE PLANT'S RESPONSE TO SELECTION",10.1111/evo.12061,67,6,1767,1779
43,121,Viridiplantae ,Embryophyta,Superrosids,Myrtales,Lythraceae,Lythrum,salicaria,Mixed,12,0.731,0.604,0.82626539,5.3,0.44,,2011,EVOLUTION,"Colautti, Robert I.; Barrett, Spencer C. H.",POPULATION DIVERGENCE ALONG LINES OF GENETIC VARIANCE AND COVARIANCE IN THE INVASIVE PLANT LYTHRUM SALICARIA IN EASTERN NORTH AMERICA,10.1111/j.1558-5646.2011.01313.x,65,9,2514,2529
44,122,Animalia,Arthropoda,Malacostraca,Isopoda,Aselidae,Asellus,aquaticus,Morph,7,0.031,0.009,0.290322581,1.52,0.22,Krankesjön Reed,2011,JOURNAL OF EVOLUTIONARY BIOLOGY,"Eroukhmanoff, F.; Svensson, E. I.",Evolution and stability of the G-matrix during the colonization of a novel environment,10.1111/j.1420-9101.2011.02270.x,24,6,1363,1373
44,122,Animalia,Arthropoda,Malacostraca,Isopoda,Aselidae,Asellus,aquaticus,Morph,7,0.012,0.007,0.583333333,1.69,0.24,Krankesjön Stonewort,2011,JOURNAL OF EVOLUTIONARY BIOLOGY,"Eroukhmanoff, F.; Svensson, E. I.",Evolution and stability of the G-matrix during the colonization of a novel environment,10.1111/j.1420-9101.2011.02270.x,24,6,1363,1373
44,122,Animalia,Arthropoda,Malacostraca,Isopoda,Aselidae,Asellus,aquaticus,Morph,7,0.019,0.005,0.263157895,1.37,0.2,Tåkern Reed,2011,JOURNAL OF EVOLUTIONARY BIOLOGY,"Eroukhmanoff, F.; Svensson, E. I.",Evolution and stability of the G-matrix during the colonization of a novel environment,10.1111/j.1420-9101.2011.02270.x,24,6,1363,1373
44,122,Animalia,Arthropoda,Malacostraca,Isopoda,Aselidae,Asellus,aquaticus,Morph,7,0.015,0.007,0.466666667,1.65,0.24,Tåkern Stonewort,2011,JOURNAL OF EVOLUTIONARY BIOLOGY,"Eroukhmanoff, F.; Svensson, E. I.",Evolution and stability of the G-matrix during the colonization of a novel environment,10.1111/j.1420-9101.2011.02270.x,24,6,1363,1373
45,123,Animalia,Chordata,Aves,Passeriformes,Muscicapidae,Ficedula,albicollis,Morph,4,1.625,0.308,0.189538462,1.32,0.33,1980-1984,2013,JOURNAL OF EVOLUTIONARY BIOLOGY,"Bjorklund, M.; Husby, A.; Gustafsson, L.",Rapid and unpredictable changes of the G-matrix in a natural bird population over 25 years,10.1111/jeb.12044,26,1,1,13
45,123,Animalia,Chordata,Aves,Passeriformes,Muscicapidae,Ficedula,albicollis,Morph,4,2.15,0.462,0.214883721,1.44,0.36,1985-1989,2013,JOURNAL OF EVOLUTIONARY BIOLOGY,"Bjorklund, M.; Husby, A.; Gustafsson, L.",Rapid and unpredictable changes of the G-matrix in a natural bird population over 25 years,10.1111/jeb.12044,26,1,1,13
45,123,Animalia,Chordata,Aves,Passeriformes,Muscicapidae,Ficedula,albicollis,Morph,4,2.147,0.468,0.217978575,1.32,0.33,1990-1994,2013,JOURNAL OF EVOLUTIONARY BIOLOGY,"Bjorklund, M.; Husby, A.; Gustafsson, L.",Rapid and unpredictable changes of the G-matrix in a natural bird population over 25 years,10.1111/jeb.12044,26,1,1,13
45,123,Animalia,Chordata,Aves,Passeriformes,Muscicapidae,Ficedula,albicollis,Morph,4,3.1,0.365,0.117741935,1.22,0.31,1995-1999,2013,JOURNAL OF EVOLUTIONARY BIOLOGY,"Bjorklund, M.; Husby, A.; Gustafsson, L.",Rapid and unpredictable changes of the G-matrix in a natural bird population over 25 years,10.1111/jeb.12044,26,1,1,13
45,123,Animalia,Chordata,Aves,Passeriformes,Muscicapidae,Ficedula,albicollis,Morph,4,1.292,0.328,0.253869969,1.41,0.35,2000-2004,2013,JOURNAL OF EVOLUTIONARY BIOLOGY,"Bjorklund, M.; Husby, A.; Gustafsson, L.",Rapid and unpredictable changes of the G-matrix in a natural bird population over 25 years,10.1111/jeb.12044,26,1,1,13
45,125,Viridiplantae ,Embryophyta,Superasterids,Dipsacales,Caprifoliaceae,Scabiosa,canescens,Morph,8,1.694,1.283,0.757378985,2.15,0.27,HA,2009,EVOLUTION,"Calsbeek, Brittny; Goodnight, Charles J.",EMPIRICAL COMPARISON OF G MATRIX TEST STATISTICS: FINDING BIOLOGICALLY RELEVANT CHANGE,10.1111/j.1558-5646.2009.00735.x,63,10,2627,2635
45,125,Viridiplantae ,Embryophyta,Superasterids,Dipsacales,Caprifoliaceae,Scabiosa,canescens,Morph,8,1.44,0.554,0.384722222,1.67,0.21,VE,2009,EVOLUTION,"Calsbeek, Brittny; Goodnight, Charles J.",EMPIRICAL COMPARISON OF G MATRIX TEST STATISTICS: FINDING BIOLOGICALLY RELEVANT CHANGE,10.1111/j.1558-5646.2009.00735.x,63,10,2627,2635
45,125,Viridiplantae ,Embryophyta,Superasterids,Dipsacales,Caprifoliaceae,Scabiosa,canescens,Morph,8,1.623,0.818,0.504004929,1.92,0.24,DE,2009,EVOLUTION,"Calsbeek, Brittny; Goodnight, Charles J.",EMPIRICAL COMPARISON OF G MATRIX TEST STATISTICS: FINDING BIOLOGICALLY RELEVANT CHANGE,10.1111/j.1558-5646.2009.00735.x,63,10,2627,2635
45,125,Viridiplantae ,Embryophyta,Superasterids,Dipsacales,Caprifoliaceae,Scabiosa,canescens,Morph,8,2.478,0.883,0.356335755,1.64,0.2,VI,2009,EVOLUTION,"Calsbeek, Brittny; Goodnight, Charles J.",EMPIRICAL COMPARISON OF G MATRIX TEST STATISTICS: FINDING BIOLOGICALLY RELEVANT CHANGE,10.1111/j.1558-5646.2009.00735.x,63,10,2627,2635
45,125,Viridiplantae ,Embryophyta,Superasterids,Dipsacales,Caprifoliaceae,Scabiosa,canescens,Morph,8,2.185,0.598,0.273684211,1.61,0.2,YN,2009,EVOLUTION,"Calsbeek, Brittny; Goodnight, Charles J.",EMPIRICAL COMPARISON OF G MATRIX TEST STATISTICS: FINDING BIOLOGICALLY RELEVANT CHANGE,10.1111/j.1558-5646.2009.00735.x,63,10,2627,2635
45,125,Viridiplantae ,Embryophyta,Superasterids,Dipsacales,Caprifoliaceae,Scabiosa,canescens,Morph,8,0.91,0.847,0.930769231,2.83,0.35,AH,2009,EVOLUTION,"Calsbeek, Brittny; Goodnight, Charles J.",EMPIRICAL COMPARISON OF G MATRIX TEST STATISTICS: FINDING BIOLOGICALLY RELEVANT CHANGE,10.1111/j.1558-5646.2009.00735.x,63,10,2627,2635
45,125,Viridiplantae ,Embryophyta,Superasterids,Dipsacales,Caprifoliaceae,Scabiosa,columbaria,Morph,8,1.562,0.637,0.407810499,1.99,0.25,SM,2009,EVOLUTION,"Calsbeek, Brittny; Goodnight, Charles J.",EMPIRICAL COMPARISON OF G MATRIX TEST STATISTICS: FINDING BIOLOGICALLY RELEVANT CHANGE,10.1111/j.1558-5646.2009.00735.x,63,10,2627,2635
45,125,Viridiplantae ,Embryophyta,Superasterids,Dipsacales,Caprifoliaceae,Scabiosa,columbaria,Morph,8,0.972,0.649,0.667695473,2.12,0.26,BJ,2009,EVOLUTION,"Calsbeek, Brittny; Goodnight, Charles J.",EMPIRICAL COMPARISON OF G MATRIX TEST STATISTICS: FINDING BIOLOGICALLY RELEVANT CHANGE,10.1111/j.1558-5646.2009.00735.x,63,10,2627,2635
45,125,Viridiplantae ,Embryophyta,Superasterids,Dipsacales,Caprifoliaceae,Scabiosa,columbaria,Morph,8,1.258,0.656,0.521462639,2.22,0.28,KL,2009,EVOLUTION,"Calsbeek, Brittny; Goodnight, Charles J.",EMPIRICAL COMPARISON OF G MATRIX TEST STATISTICS: FINDING BIOLOGICALLY RELEVANT CHANGE,10.1111/j.1558-5646.2009.00735.x,63,10,2627,2635
45,125,Viridiplantae ,Embryophyta,Superasterids,Dipsacales,Caprifoliaceae,Scabiosa,columbaria,Morph,8,0.635,0.357,0.562204724,2.01,0.25,BI,2009,EVOLUTION,"Calsbeek, Brittny; Goodnight, Charles J.",EMPIRICAL COMPARISON OF G MATRIX TEST STATISTICS: FINDING BIOLOGICALLY RELEVANT CHANGE,10.1111/j.1558-5646.2009.00735.x,63,10,2627,2635
45,125,Viridiplantae ,Embryophyta,Superasterids,Dipsacales,Caprifoliaceae,Scabiosa,columbaria,Morph,8,0.907,0.519,0.572216097,2.44,0.31,GR,2009,EVOLUTION,"Calsbeek, Brittny; Goodnight, Charles J.",EMPIRICAL COMPARISON OF G MATRIX TEST STATISTICS: FINDING BIOLOGICALLY RELEVANT CHANGE,10.1111/j.1558-5646.2009.00735.x,63,10,2627,2635
45,125,Viridiplantae ,Embryophyta,Superasterids,Dipsacales,Caprifoliaceae,Scabiosa,columbaria,Morph,8,2.179,0.487,0.223497017,1.56,0.19,MA,2009,EVOLUTION,"Calsbeek, Brittny; Goodnight, Charles J.",EMPIRICAL COMPARISON OF G MATRIX TEST STATISTICS: FINDING BIOLOGICALLY RELEVANT CHANGE,10.1111/j.1558-5646.2009.00735.x,63,10,2627,2635
46,126,Animalia,Arthropoda,Insecta,Orthoptera,Gryllidae,Gryllus,firmus,Mixed,5,2.942,0.742,0.252209381,1.41,0.28,24 LW,2000,JOURNAL OF EVOLUTIONARY BIOLOGY,"Waldmann, P; Andersson, S",Comparison of genetic (co)variance matrices within and between Scabiosa canescens and S-columbaria,,13,5,826,835
46,126,Animalia,Arthropoda,Insecta,Orthoptera,Gryllidae,Gryllus,firmus,Mixed,5,7.48,1.317,0.176069519,1.27,0.25,24 SW,2000,JOURNAL OF EVOLUTIONARY BIOLOGY,"Waldmann, P; Andersson, S",Comparison of genetic (co)variance matrices within and between Scabiosa canescens and S-columbaria,,13,5,826,835
46,126,Animalia,Arthropoda,Insecta,Orthoptera,Gryllidae,Gryllus,firmus,Mixed,5,7.268,1.595,0.219455146,1.33,0.27,28 LW,2000,JOURNAL OF EVOLUTIONARY BIOLOGY,"Waldmann, P; Andersson, S",Comparison of genetic (co)variance matrices within and between Scabiosa canescens and S-columbaria,,13,5,826,835
46,126,Animalia,Arthropoda,Insecta,Orthoptera,Gryllidae,Gryllus,firmus,Mixed,5,6.015,1.73,0.287614298,1.42,0.28,28 SW,2000,JOURNAL OF EVOLUTIONARY BIOLOGY,"Waldmann, P; Andersson, S",Comparison of genetic (co)variance matrices within and between Scabiosa canescens and S-columbaria,,13,5,826,835
46,126,Animalia,Arthropoda,Insecta,Orthoptera,Gryllidae,Gryllus,firmus,Mixed,5,4.812,0.697,0.144846218,1.3,0.26,32 LW,2000,JOURNAL OF EVOLUTIONARY BIOLOGY,"Waldmann, P; Andersson, S",Comparison of genetic (co)variance matrices within and between Scabiosa canescens and S-columbaria,,13,5,826,835
46,126,Animalia,Arthropoda,Insecta,Orthoptera,Gryllidae,Gryllus,firmus,Mixed,5,19.08,0.961,0.050366876,1.08,0.22,32 SW,2000,JOURNAL OF EVOLUTIONARY BIOLOGY,"Waldmann, P; Andersson, S",Comparison of genetic (co)variance matrices within and between Scabiosa canescens and S-columbaria,,13,5,826,835
47,127,Animalia,Arthropoda,Insecta,Diptera,Sepsidae,Sepsis,punctum,Mixed,5,0.003,0.002,0.666666667,2.25,0.45,high food,2013,EVOLUTION,"Berger, David; Postma, Erik; Blanckenhorn, Wolf U.; Walters, Richard J.",QUANTITATIVE GENETIC DIVERGENCE AND STANDING GENETIC (CO)VARIANCE IN THERMAL REACTION NORMS ALONG LATITUDE,10.1111/evo.12138,67,8,2385,2399
47,127,Animalia,Arthropoda,Insecta,Diptera,Sepsidae,Sepsis,punctum,Mixed,5,0.003,0.001,0.333333333,2.09,0.42,low food,2013,EVOLUTION,"Berger, David; Postma, Erik; Blanckenhorn, Wolf U.; Walters, Richard J.",QUANTITATIVE GENETIC DIVERGENCE AND STANDING GENETIC (CO)VARIANCE IN THERMAL REACTION NORMS ALONG LATITUDE,10.1111/evo.12139,67,8,2385,2399
47,127,Animalia,Arthropoda,Insecta,Diptera,Sepsidae,Sepsis,punctum,Mixed,5,0.002,0.001,0.5,2.42,0.48,northern region,2013,EVOLUTION,"Berger, David; Postma, Erik; Blanckenhorn, Wolf U.; Walters, Richard J.",QUANTITATIVE GENETIC DIVERGENCE AND STANDING GENETIC (CO)VARIANCE IN THERMAL REACTION NORMS ALONG LATITUDE,10.1111/evo.12140,67,8,2385,2399
47,127,Animalia,Arthropoda,Insecta,Diptera,Sepsidae,Sepsis,punctum,Mixed,5,0.004,0.002,0.5,2,0.4,central region,2013,EVOLUTION,"Berger, David; Postma, Erik; Blanckenhorn, Wolf U.; Walters, Richard J.",QUANTITATIVE GENETIC DIVERGENCE AND STANDING GENETIC (CO)VARIANCE IN THERMAL REACTION NORMS ALONG LATITUDE,10.1111/evo.12141,67,8,2385,2399
47,127,Animalia,Arthropoda,Insecta,Diptera,Sepsidae,Sepsis,punctum,Mixed,5,0.002,0.001,0.5,1.83,0.37,southern region,2013,EVOLUTION,"Berger, David; Postma, Erik; Blanckenhorn, Wolf U.; Walters, Richard J.",QUANTITATIVE GENETIC DIVERGENCE AND STANDING GENETIC (CO)VARIANCE IN THERMAL REACTION NORMS ALONG LATITUDE,10.1111/evo.12142,67,8,2385,2399
48,128,Animalia,Arthropoda,Insecta,Diptera,Drosophilidae,Drosophila,bunnanda,Morph,9,0.754,0.379,0.50265252,1.51,0.17,CHCs,2010,EVOLUTION,"McGuigan, Katrina; Blows, Mark W.",EVOLVABILITY OF INDIVIDUAL TRAITS IN A MULTIVARIATE CONTEXT: PARTITIONING THE ADDITIVE GENETIC VARIANCE INTO COMMON AND SPECIFIC COMPONENTS,10.1111/j.1558-5646.2010.00968.x,64,7,1899,1911
48,128,Animalia,Arthropoda,Insecta,Diptera,Drosophilidae,Drosophila,bunnanda,Morph,9,0.739,0.253,0.342354533,1.35,0.15,Wing traits,2010,EVOLUTION,"McGuigan, Katrina; Blows, Mark W.",EVOLVABILITY OF INDIVIDUAL TRAITS IN A MULTIVARIATE CONTEXT: PARTITIONING THE ADDITIVE GENETIC VARIANCE INTO COMMON AND SPECIFIC COMPONENTS,10.1111/j.1558-5646.2010.00968.x,64,7,1899,1911
49,130,Animalia,Chordata,Aves,Passeriformes,Hirundinidae,Hirundo,rustica,Morph,6,1095.829,211.518,0.193020991,1.2,0.2,Denmark Pop,2004,HEREDITY,"Roff, DA; Mousseau, T; Moller, AP; de Lope, F; Saino, N",Geographic variation in the G matrices of wild populations of the barn swallow,10.1038/sj.hdy.6800404,93,1,8,14
49,130,Animalia,Chordata,Aves,Passeriformes,Hirundinidae,Hirundo,rustica,Morph,6,421.455,347.406,0.824301527,1.85,0.31,Italy Pop,2004,HEREDITY,"Roff, DA; Mousseau, T; Moller, AP; de Lope, F; Saino, N",Geographic variation in the G matrices of wild populations of the barn swallow,10.1038/sj.hdy.6800404,93,1,8,14
49,130,Animalia,Chordata,Aves,Passeriformes,Hirundinidae,Hirundo,rustica,Morph,6,361.216,208.002,0.57583828,1.63,0.27,Spain Pop,2004,HEREDITY,"Roff, DA; Mousseau, T; Moller, AP; de Lope, F; Saino, N",Geographic variation in the G matrices of wild populations of the barn swallow,10.1038/sj.hdy.6800404,93,1,8,14
50,132,Viridiplantae ,Embryophyta,Superrosids,Brassicales,Brassicaceae,Brassica,cretica,Morph,7,527.001,15.672,0.029738084,1.05,0.15,Macheri Pop,2002,JOURNAL OF EVOLUTIONARY BIOLOGY,"Widen, B; Andersson, S; Rao, GY; Widen, M","Population divergence of genetic (co)variance matrices in a subdivided plant species, Brassica cretica",10.1046/j.1420-9101.2002.00465.x,15,6,961,970
50,132,Viridiplantae ,Embryophyta,Superrosids,Brassicales,Brassicaceae,Brassica,cretica,Morph,7,678.384,44.469,0.065551369,1.08,0.15,Topolla Pop,2002,JOURNAL OF EVOLUTIONARY BIOLOGY,"Widen, B; Andersson, S; Rao, GY; Widen, M","Population divergence of genetic (co)variance matrices in a subdivided plant species, Brassica cretica",10.1046/j.1420-9101.2002.00465.x,15,6,961,970
50,132,Viridiplantae ,Embryophyta,Superrosids,Brassicales,Brassicaceae,Brassica,cretica,Morph,7,1814.495,30.317,0.01670823,1.02,0.15,Moni Kapsa Pop,2002,JOURNAL OF EVOLUTIONARY BIOLOGY,"Widen, B; Andersson, S; Rao, GY; Widen, M","Population divergence of genetic (co)variance matrices in a subdivided plant species, Brassica cretica",10.1046/j.1420-9101.2002.00465.x,15,6,961,970
50,132,Viridiplantae ,Embryophyta,Superrosids,Brassicales,Brassicaceae,Brassica,cretica,Morph,7,311,42.306,0.136032154,1.15,0.16,Roka Pop,2002,JOURNAL OF EVOLUTIONARY BIOLOGY,"Widen, B; Andersson, S; Rao, GY; Widen, M","Population divergence of genetic (co)variance matrices in a subdivided plant species, Brassica cretica",10.1046/j.1420-9101.2002.00465.x,15,6,961,970
50,132,Viridiplantae ,Embryophyta,Superrosids,Brassicales,Brassicaceae,Brassica,cretica,Morph,7,312.976,16.951,0.054160702,1.06,0.15,Gonies Pop,2002,JOURNAL OF EVOLUTIONARY BIOLOGY,"Widen, B; Andersson, S; Rao, GY; Widen, M","Population divergence of genetic (co)variance matrices in a subdivided plant species, Brassica cretica",10.1046/j.1420-9101.2002.00465.x,15,6,961,970
51,133,Viridiplantae ,Embryophyta,Superrosids,Myrtales,Onagraceae,Clarkia,dudleyana,Morph,5,2.133,1.174,0.5503985,1.6,0.32,Tanbark Flats Pop,1997,EVOLUTION,"Podolsky, RH; Shaw, RG; Shaw, FH",Population structure of morphological traits in Clarkia dudleyana. II. Constancy of within-population genetic variance,10.1111/j.1558-5646.1997.tb05102.x,51,6,1785,1796
51,133,Viridiplantae ,Embryophyta,Superrosids,Myrtales,Onagraceae,Clarkia,dudleyana,Morph,5,3.055,1.151,0.376759411,1.42,0.28,Running Springs Pop,1997,EVOLUTION,"Podolsky, RH; Shaw, RG; Shaw, FH",Population structure of morphological traits in Clarkia dudleyana. II. Constancy of within-population genetic variance,10.1111/j.1558-5646.1997.tb05102.x,51,6,1785,1796
52,134,Viridiplantae ,Chloroplyta,Chlorophyceae,Chlamydomonadales,Chlamydomonadaceae,Chlamydomonas,reinhardtii,Life-history,8,0.189,0.074,0.391534392,1.81,0.23,,1995,GENETICS,"DUTILLEUL, P; POTVIN, C",AMONG-ENVIRONMENT HETEROSCEDASTICITY AND GENETIC AUTOCORRELATION - IMPLICATIONS FOR THE STUDY OF PHENOTYPIC PLASTICITY,,139,4,1815,1829
53,138,Animalia,Arthropoda,Insecta,Diptera,Drosophilidae,Drosophila,melanogaster,Mixed,6,52.947,22.333,0.421799158,1.81,0.3,,2012,JOURNAL OF EVOLUTIONARY BIOLOGY,"Williams, B. R.; van Heerwaarden, B.; Dowling, D. K.; Sgro, C. M.",A multivariate test of evolutionary constraints for thermal tolerance in Drosophila melanogaster,10.1111/j.1420-9101.2012.02536.x,25,7,1415,1426
54,140,Animalia,Chordata,Actinopterygii,Cyprinodontiformes,Poeciliidae,Poecilia,reticulata,Morph,6,0.304,0.089,0.292763158,1.54,0.26,Y Linked,2011,EVOLUTION,"Postma, Erik; Spyrou, Nicolle; Rollins, Lee Ann; Brooks, Robert C.",SEX-DEPENDENT SELECTION DIFFERENTIALLY SHAPES GENETIC VARIATION ON AND OFF THE GUPPY Y CHROMOSOME,10.1111/j.1558-5646.2011.01314.x,65,8,2145,2156
54,140,Animalia,Chordata,Actinopterygii,Cyprinodontiformes,Poeciliidae,Poecilia,reticulata,Morph,6,0.19,0.149,0.784210526,2.26,0.38,X Linked,2011,EVOLUTION,"Postma, Erik; Spyrou, Nicolle; Rollins, Lee Ann; Brooks, Robert C.",SEX-DEPENDENT SELECTION DIFFERENTIALLY SHAPES GENETIC VARIATION ON AND OFF THE GUPPY Y CHROMOSOME,10.1111/j.1558-5646.2011.01314.x,65,8,2145,2156
55,141,Animalia,Chordata,Actinopterygii,Gasterosteiformes,Gasterosteidae,Gasterosteus,aculeatus,Morph,10,0.336,0.301,0.895833333,2.68,0.27,,2012,EVOLUTION,"Kimmel, Charles B.; Cresko, William A.; Phillips, Patrick C.; Ullmann, Bonnie; Currey, Mark; von Hippel, Frank; Kristjansson, Bjarni K.; Gelmond, Ofer; McGuigan, Katrina",INDEPENDENT AXES OF GENETIC VARIATION AND PARALLEL EVOLUTIONARY DIVERGENCE OF OPERCLE BONE SHAPE IN THREESPINE STICKLEBACK,10.1111/j.1558-5646.2011.01441.x,66,2,419,434
56,151,Animalia,Mollusca,Gastropoda,NA,Lymnaeidae,Galba,truncatula,Mixed,6,0.128,0.043,0.3359375,1.53,0.25,Early Traits,2008,GENETICS,"Chapuis, Elodie; Martin, Guillaume; Goudet, Jerome",Effects of Selection and Drift on G Matrix Evolution in a Heterogeneous Environment: A Multivariate Q(st)-F-st Test With the Freshwater Snail Galba truncatula,10.1534/genetics.108.092452,180,4,2151,2161
56,151,Animalia,Mollusca,Gastropoda,NA,Lymnaeidae,Galba,truncatula,Mixed,6,0.043,0.011,0.255813953,1.36,0.23,Late Traits,2008,GENETICS,"Chapuis, Elodie; Martin, Guillaume; Goudet, Jerome",Effects of Selection and Drift on G Matrix Evolution in a Heterogeneous Environment: A Multivariate Q(st)-F-st Test With the Freshwater Snail Galba truncatula,10.1534/genetics.108.092452,180,4,2151,2161
57,162,Viridiplantae ,Embryophyta,Superrosids,Myrtales,Myrtaceae,Melaleuca,quinquenervia,Morph,3,17.541,2.478,0.141269027,1.17,0.39,Australian,2012,EVOLUTION,"Franks, Steven J.; Wheeler, Gregory S.; Goodnight, Charles",GENETIC VARIATION AND EVOLUTION OF SECONDARY COMPOUNDS IN NATIVE AND INTRODUCED POPULATIONS OF THE INVASIVE PLANT MELALEUCA QUINQUENERVIA,10.1111/j.1558-5646.2011.01524.x,66,5,1398,1412
57,162,Viridiplantae ,Embryophyta,Superrosids,Myrtales,Myrtaceae,Melaleuca,quinquenervia,Morph,3,15.427,0.224,0.014519997,1.02,0.34,U.S.,2012,EVOLUTION,"Franks, Steven J.; Wheeler, Gregory S.; Goodnight, Charles",GENETIC VARIATION AND EVOLUTION OF SECONDARY COMPOUNDS IN NATIVE AND INTRODUCED POPULATIONS OF THE INVASIVE PLANT MELALEUCA QUINQUENERVIA,10.1111/j.1558-5646.2011.01524.x,66,5,1398,1412
58,163,Viridiplantae ,Embryophyta,Monocotyledons,Poales,Poaceae,Phalaris,arundinacea,Mixed,3,128.737,8.681,0.067432051,1.07,0.36,Czech Republic,2011,EVOLUTIONARY APPLICATIONS,"Calsbeek, Brittny; Lavergne, Sebastien; Patel, Manisha; Molofsky, Jane",Comparing the genetic architecture and potential response to selection of invasive and native populations of reed canary grass,10.1111/j.1752-4571.2011.00195.x,4,6,726,735
58,163,Viridiplantae ,Embryophyta,Monocotyledons,Poales,Poaceae,Phalaris,arundinacea,Mixed,3,149.911,9.846,0.06567897,1.07,0.36,France,2011,EVOLUTIONARY APPLICATIONS,"Calsbeek, Brittny; Lavergne, Sebastien; Patel, Manisha; Molofsky, Jane",Comparing the genetic architecture and potential response to selection of invasive and native populations of reed canary grass,10.1111/j.1752-4571.2011.00195.x,4,6,726,735
58,163,Viridiplantae ,Embryophyta,Monocotyledons,Poales,Poaceae,Phalaris,arundinacea,Mixed,3,59.993,16.147,0.269148067,1.28,0.43,Vermont,2011,EVOLUTIONARY APPLICATIONS,"Calsbeek, Brittny; Lavergne, Sebastien; Patel, Manisha; Molofsky, Jane",Comparing the genetic architecture and potential response to selection of invasive and native populations of reed canary grass,10.1111/j.1752-4571.2011.00195.x,4,6,726,735
58,163,Viridiplantae ,Embryophyta,Monocotyledons,Poales,Poaceae,Phalaris,arundinacea,Mixed,3,179.889,16.635,0.092473692,1.09,0.36,North Carolina,2011,EVOLUTIONARY APPLICATIONS,"Calsbeek, Brittny; Lavergne, Sebastien; Patel, Manisha; Molofsky, Jane",Comparing the genetic architecture and potential response to selection of invasive and native populations of reed canary grass,10.1111/j.1752-4571.2011.00195.x,4,6,726,735
59,165,Viridiplantae ,Embryophyta,Superrosids,Brassicales,Brassicaceae,Arabidopsis,thaliana,Morph,4,7.279,0.104,0.014287677,1.03,0.26,Col alleles,2009,GENETICS,"Stinchcombe, John R.; Weinig, Cynthia; Heath, Katy D.; Brock, Marcus T.; Schmitt, Johanna","Polymorphic Genes of Major Effect: Consequences for Variation, Selection and Evolution in Arabidopsis thaliana",10.1534/genetics.108.097030,182,3,911,922
59,165,Viridiplantae ,Embryophyta,Superrosids,Brassicales,Brassicaceae,Arabidopsis,thaliana,Morph,4,5.328,0.116,0.021771772,1.04,0.26,Ler alleles,2009,GENETICS,"Stinchcombe, John R.; Weinig, Cynthia; Heath, Katy D.; Brock, Marcus T.; Schmitt, Johanna","Polymorphic Genes of Major Effect: Consequences for Variation, Selection and Evolution in Arabidopsis thaliana",10.1534/genetics.108.097030,182,3,911,922
60,171,Animalia,Chordata,Mammalia,Artiodactyla,Cervidae,Cervus,elaphus,Life-history,4,0.246,0.175,0.711382114,1.98,0.49,Female S3,2014,GENETICS,"Walling, Craig A.; Morrissey, Michael B.; Foerster, Katharina; Clutton-Brock, Tim H.; Pemberton, Josephine M.; Kruuk, Loeske E. B.",A Multivariate Analysis of Genetic Constraints to Life History Evolution in a Wild Population of Red Deer,10.1534/genetics.114.164319,198,4,1735,+
60,171,Animalia,Chordata,Mammalia,Artiodactyla,Cervidae,Cervus,elaphus,Life-history,4,0.705,0.217,0.307801418,1.36,0.34,Male S3,2014,GENETICS,"Walling, Craig A.; Morrissey, Michael B.; Foerster, Katharina; Clutton-Brock, Tim H.; Pemberton, Josephine M.; Kruuk, Loeske E. B.",A Multivariate Analysis of Genetic Constraints to Life History Evolution in a Wild Population of Red Deer,10.1534/genetics.114.164319,198,4,1735,+
60,171,Animalia,Chordata,Mammalia,Artiodactyla,Cervidae,Cervus,elaphus,Life-history,4,0.231,0.176,0.761904762,1.93,0.48,Female S5,2014,GENETICS,"Walling, Craig A.; Morrissey, Michael B.; Foerster, Katharina; Clutton-Brock, Tim H.; Pemberton, Josephine M.; Kruuk, Loeske E. B.",A Multivariate Analysis of Genetic Constraints to Life History Evolution in a Wild Population of Red Deer,10.1534/genetics.114.164319,198,4,1735,+
60,171,Animalia,Chordata,Mammalia,Artiodactyla,Cervidae,Cervus,elaphus,Life-history,4,0.68,0.214,0.314705882,1.32,0.33,Male S6,2014,GENETICS,"Walling, Craig A.; Morrissey, Michael B.; Foerster, Katharina; Clutton-Brock, Tim H.; Pemberton, Josephine M.; Kruuk, Loeske E. B.",A Multivariate Analysis of Genetic Constraints to Life History Evolution in a Wild Population of Red Deer,10.1534/genetics.114.164319,198,4,1735,+
61,172,Animalia,Arthropoda,Insecta,Diptera,Drosophilidae,Drosophila,simulans,Phys,8,0.864,0.348,0.402777778,2.12,0.27,Rep 1,2013,JOURNAL OF EVOLUTIONARY BIOLOGY,"van Heerwaarden, B.; Sgro, C. M.",Multivariate analysis of adaptive capacity for upper thermal limits in Drosophila simulans,10.1111/jeb.12090,26,4,800,809
61,172,Animalia,Arthropoda,Insecta,Diptera,Drosophilidae,Drosophila,simulans,Phys,8,1.003,0.436,0.434695912,2.08,0.26,Rep 2,2013,JOURNAL OF EVOLUTIONARY BIOLOGY,"van Heerwaarden, B.; Sgro, C. M.",Multivariate analysis of adaptive capacity for upper thermal limits in Drosophila simulans,10.1111/jeb.12090,26,4,800,809
61,172,Animalia,Arthropoda,Insecta,Diptera,Drosophilidae,Drosophila,simulans,Phys,8,1.368,0.455,0.332602339,1.72,0.22,Rep 3,2013,JOURNAL OF EVOLUTIONARY BIOLOGY,"van Heerwaarden, B.; Sgro, C. M.",Multivariate analysis of adaptive capacity for upper thermal limits in Drosophila simulans,10.1111/jeb.12090,26,4,800,809
62,185,Animalia,Arthropoda,Insecta,Diptera,Drosophilidae,Drosophila,simulans,Phys,3,23.726,15.983,0.673649161,1.71,0.57,,2013,JOURNAL OF EVOLUTIONARY BIOLOGY,"van Heerwaarden, B.; Sgro, C. M.",Multivariate analysis of adaptive capacity for upper thermal limits in Drosophila simulans,10.1111/jeb.12090,26,4,800,809
63,186,Viridiplantae ,Embryophyta,Superasterids,Caryophyllales,Caryophyllaceae,Schiedea,adamantis,Morph,6,288.975,10.732,0.037138161,1.08,0.18,Females,2011,EVOLUTION,"Campbell, Diane R.; Weller, Stephen G.; Sakai, Ann K.; Culley, Theresa M.; Dang, Phuc N.; Dunbar-Wallis, Amy K.",GENETIC VARIATION AND COVARIATION IN FLORAL ALLOCATION OF TWO SPECIES OF SCHIEDEA WITH CONTRASTING LEVELS OF SEXUAL DIMORPHISM,10.1111/j.1558-5646.2010.01172.x,65,3,757,770
63,186,Viridiplantae ,Embryophyta,Superasterids,Caryophyllales,Caryophyllaceae,Schiedea,adamantis,Morph,8,46.928,6.839,0.14573389,1.33,0.17,Hermaphrodites,2011,EVOLUTION,"Campbell, Diane R.; Weller, Stephen G.; Sakai, Ann K.; Culley, Theresa M.; Dang, Phuc N.; Dunbar-Wallis, Amy K.",GENETIC VARIATION AND COVARIATION IN FLORAL ALLOCATION OF TWO SPECIES OF SCHIEDEA WITH CONTRASTING LEVELS OF SEXUAL DIMORPHISM,10.1111/j.1558-5646.2010.01172.x,65,3,757,770
64,187,Animalia,Chordata,Aves,Passeriformes,Zosteropidae,Zosterops,lateralis chlorocephalus,Morph,6,0.924,0.176,0.19047619,1.3,0.22,,2007,JOURNAL OF EVOLUTIONARY BIOLOGY,"Frentiu, F. D.; Clegg, S. M.; Blows, M. W.; Owens, I. P. F.",Large body size in an island-dwelling bird: a microevolutionary analysis,10.1111/j.1420-9101.2006.01242.x,20,2,639,649
65,206,Animalia,Arthropoda,Insecta,Diptera,Drosophilidae,Drosophila,melanogaster,Phys,4,1.199,0.554,0.46205171,1.76,0.44,Least Female,2014,JOURNAL OF EVOLUTIONARY BIOLOGY,"Ingleby, F. C.; Innocenti, P.; Rundle, H. D.; Morrow, E. H.",Between-sex genetic covariance constrains the evolution of sexual dimorphism in Drosophila melanogaster,10.1111/jeb.12429,27,8,1721,1732
65,206,Animalia,Arthropoda,Insecta,Diptera,Drosophilidae,Drosophila,melanogaster,Phys,4,0.868,0.452,0.520737327,1.82,0.46,Least Male,2014,JOURNAL OF EVOLUTIONARY BIOLOGY,"Ingleby, F. C.; Innocenti, P.; Rundle, H. D.; Morrow, E. H.",Between-sex genetic covariance constrains the evolution of sexual dimorphism in Drosophila melanogaster,10.1111/jeb.12429,27,8,1721,1732
65,206,Animalia,Arthropoda,Insecta,Diptera,Drosophilidae,Drosophila,melanogaster,Phys,4,0.045,0.023,0.511111111,2.12,0.53,Most Female,2014,JOURNAL OF EVOLUTIONARY BIOLOGY,"Ingleby, F. C.; Innocenti, P.; Rundle, H. D.; Morrow, E. H.",Between-sex genetic covariance constrains the evolution of sexual dimorphism in Drosophila melanogaster,10.1111/jeb.12429,27,8,1721,1732
65,206,Animalia,Arthropoda,Insecta,Diptera,Drosophilidae,Drosophila,melanogaster,Phys,4,0.034,0.024,0.705882353,2.5,0.63,Most Male,2014,JOURNAL OF EVOLUTIONARY BIOLOGY,"Ingleby, F. C.; Innocenti, P.; Rundle, H. D.; Morrow, E. H.",Between-sex genetic covariance constrains the evolution of sexual dimorphism in Drosophila melanogaster,10.1111/jeb.12429,27,8,1721,1732
66,212,Animalia,Chordata,Aves,Passeriformes,Paridae,Cyanistes,caeruleus,Morph,4,0.124,0.058,0.467741935,1.84,0.46,D-Rouvière,2017,HEREDITY,"Delahaie, B.; Charmantier, A.; Chantepie, S.; Garant, D.; Porlier, M.; Teplitsky, C.",Conserved G-matrices of morphological and life-history traits among continental and island blue tit populations,10.1038/hdy.2017.15,119,2,76,87
66,212,Animalia,Chordata,Aves,Passeriformes,Paridae,Cyanistes,caeruleus,Morph,4,0.119,0.03,0.25210084,1.53,0.38,E-Pirio,2017,HEREDITY,"Delahaie, B.; Charmantier, A.; Chantepie, S.; Garant, D.; Porlier, M.; Teplitsky, C.",Conserved G-matrices of morphological and life-history traits among continental and island blue tit populations,10.1038/hdy.2017.15,119,2,76,87
66,212,Animalia,Chordata,Aves,Passeriformes,Paridae,Cyanistes,caeruleus,Morph,4,0.103,0.043,0.417475728,1.89,0.47,E-Muro,2017,HEREDITY,"Delahaie, B.; Charmantier, A.; Chantepie, S.; Garant, D.; Porlier, M.; Teplitsky, C.",Conserved G-matrices of morphological and life-history traits among continental and island blue tit populations,10.1038/hdy.2017.15,119,2,76,87
66,212,Animalia,Chordata,Aves,Passeriformes,Paridae,Cyanistes,caeruleus,Morph,4,0.101,0.039,0.386138614,1.77,0.44,D-Muro,2017,HEREDITY,"Delahaie, B.; Charmantier, A.; Chantepie, S.; Garant, D.; Porlier, M.; Teplitsky, C.",Conserved G-matrices of morphological and life-history traits among continental and island blue tit populations,10.1038/hdy.2017.15,119,2,76,87
66,212,Animalia,Chordata,Aves,Passeriformes,Paridae,Cyanistes,caeruleus,Life-history,3,1.109,0.51,0.45987376,1.81,0.6,D-Rouvière,2017,HEREDITY,"Delahaie, B.; Charmantier, A.; Chantepie, S.; Garant, D.; Porlier, M.; Teplitsky, C.",Conserved G-matrices of morphological and life-history traits among continental and island blue tit populations,10.1038/hdy.2017.15,119,2,76,87
66,212,Animalia,Chordata,Aves,Passeriformes,Paridae,Cyanistes,caeruleus,Life-history,3,0.566,0.355,0.627208481,1.82,0.61,E-Pirio,2017,HEREDITY,"Delahaie, B.; Charmantier, A.; Chantepie, S.; Garant, D.; Porlier, M.; Teplitsky, C.",Conserved G-matrices of morphological and life-history traits among continental and island blue tit populations,10.1038/hdy.2017.15,119,2,76,87
66,212,Animalia,Chordata,Aves,Passeriformes,Paridae,Cyanistes,caeruleus,Life-history,3,1.141,0.54,0.473269062,1.6,0.53,E-Muro,2017,HEREDITY,"Delahaie, B.; Charmantier, A.; Chantepie, S.; Garant, D.; Porlier, M.; Teplitsky, C.",Conserved G-matrices of morphological and life-history traits among continental and island blue tit populations,10.1038/hdy.2017.15,119,2,76,87
66,212,Animalia,Chordata,Aves,Passeriformes,Paridae,Cyanistes,caeruleus,Life-history,3,2.514,0.361,0.143595863,1.23,0.41,D-Muro,2017,HEREDITY,"Delahaie, B.; Charmantier, A.; Chantepie, S.; Garant, D.; Porlier, M.; Teplitsky, C.",Conserved G-matrices of morphological and life-history traits among continental and island blue tit populations,10.1038/hdy.2017.15,119,2,76,87
67,213,Viridiplantae ,Embryophyta,Superrosids,Brassicales,Brassicaceae,Arabidopsis,lyrata,Mixed,7,1.701,0.984,0.578483245,2.15,0.31,Wet Dune Bottom,2013,JOURNAL OF EVOLUTIONARY BIOLOGY,"Paccard, A.; Vance, M.; Willi, Y.",Weak impact of fine-scale landscape heterogeneity on evolutionary potential in Arabidopsis lyrata,10.1111/jeb.12220,26,11,2331,2340
67,213,Viridiplantae ,Embryophyta,Superrosids,Brassicales,Brassicaceae,Arabidopsis,lyrata,Mixed,7,1.717,0.966,0.562609202,2.16,0.31,Wet Dune Top,2013,JOURNAL OF EVOLUTIONARY BIOLOGY,"Paccard, A.; Vance, M.; Willi, Y.",Weak impact of fine-scale landscape heterogeneity on evolutionary potential in Arabidopsis lyrata,10.1111/jeb.12220,26,11,2331,2340
67,213,Viridiplantae ,Embryophyta,Superrosids,Brassicales,Brassicaceae,Arabidopsis,lyrata,Mixed,7,1.397,1.062,0.760200429,2.58,0.37,Dry Dune Bottom,2013,JOURNAL OF EVOLUTIONARY BIOLOGY,"Paccard, A.; Vance, M.; Willi, Y.",Weak impact of fine-scale landscape heterogeneity on evolutionary potential in Arabidopsis lyrata,10.1111/jeb.12220,26,11,2331,2340
67,213,Viridiplantae ,Embryophyta,Superrosids,Brassicales,Brassicaceae,Arabidopsis,lyrata,Mixed,7,1.78,1.03,0.578651685,2.26,0.32,Dry Dune Top,2013,JOURNAL OF EVOLUTIONARY BIOLOGY,"Paccard, A.; Vance, M.; Willi, Y.",Weak impact of fine-scale landscape heterogeneity on evolutionary potential in Arabidopsis lyrata,10.1111/jeb.12220,26,11,2331,2340
68,215,Animalia,Arthropoda,Insecta,Hemiptera,Aphididae,Rhopalosiphum,padi,Mixed,6,1.524,1.299,0.852362205,2.04,0.34,Asexual 10 C,2008,HEREDITY,"Nespolo, R. F.; Figueroa, C. C.; Plantegenest, M.; Simon, J. C.",Short-term population differences in the genetic architecture of life history traits related to sexuality in an aphid species,10.1038/sj.hdy.6801085,100,4,374,381
68,215,Animalia,Arthropoda,Insecta,Hemiptera,Aphididae,Rhopalosiphum,padi,Mixed,6,2.346,0.995,0.424126172,1.82,0.3,Asexual 15 C,2008,HEREDITY,"Nespolo, R. F.; Figueroa, C. C.; Plantegenest, M.; Simon, J. C.",Short-term population differences in the genetic architecture of life history traits related to sexuality in an aphid species,10.1038/sj.hdy.6801085,100,4,374,381
68,215,Animalia,Arthropoda,Insecta,Hemiptera,Aphididae,Rhopalosiphum,padi,Mixed,6,2.439,1.355,0.555555556,1.56,0.26,Sexual 10 C,2008,HEREDITY,"Nespolo, R. F.; Figueroa, C. C.; Plantegenest, M.; Simon, J. C.",Short-term population differences in the genetic architecture of life history traits related to sexuality in an aphid species,10.1038/sj.hdy.6801085,100,4,374,381
68,215,Animalia,Arthropoda,Insecta,Hemiptera,Aphididae,Rhopalosiphum,padi,Mixed,7,1.449,1.228,0.847481021,2.61,0.37,Sexual 15 C,2008,HEREDITY,"Nespolo, R. F.; Figueroa, C. C.; Plantegenest, M.; Simon, J. C.",Short-term population differences in the genetic architecture of life history traits related to sexuality in an aphid species,10.1038/sj.hdy.6801085,100,4,374,381
69,221,Animalia,Cnidaria,Anthozoa,Scleractinia,Faviidae,Favia,fragum,Morph,11,9.109,3.619,0.397299374,1.74,0.16,,2011,EVOLUTION,"Carlon, David B.; Budd, Ann F.; Lippe, Catherine; Andrew, Rose L.",THE QUANTITATIVE GENETICS OF INCIPIENT SPECIATION: HERITABILITY AND GENETIC CORRELATIONS OF SKELETAL TRAITS IN POPULATIONS OF DIVERGING FAVIA FRAGUM ECOMORPHS,10.1111/j.1558-5646.2011.01389.x,65,12,3428,3447
70,222,Viridiplantae ,Embryophyta,Ranunculales,Ranunculales,Ranunculaceae,Nigella,degenii,Mixed,5,977.364,19.222,0.019667186,1.02,0.2,Control,2010,JOURNAL OF HEREDITY,"Andersson, Stefan; Ellmer, Maarten; Jorgensen, Tove H.; Palme, Anna","Quantitative Genetic Effects of Bottlenecks: Experimental Evidence from a Wild Plant Species, Nigella degenii",10.1093/jhered/esp108,101,3,298,307
71,224,Animalia,Arthropoda,Insecta,Coleptera,Tenebrionidae,Tribolium,castaneum,Mixed,3,0.287,0.004,0.013937282,1.02,0.34,High food Female,2017,JOURNAL OF EVOLUTIONARY BIOLOGY,"Holman, L.; Jacomb, F.","The effects of stress and sex on selection, genetic covariance, and the evolutionary response",10.1111/jeb.13149,30,10,1898,1909
71,224,Animalia,Arthropoda,Insecta,Coleptera,Tenebrionidae,Tribolium,castaneum,Mixed,3,0.002,0.002,1,3,1,High food Male,2017,JOURNAL OF EVOLUTIONARY BIOLOGY,"Holman, L.; Jacomb, F.","The effects of stress and sex on selection, genetic covariance, and the evolutionary response",10.1111/jeb.13149,30,10,1898,1909
71,224,Animalia,Arthropoda,Insecta,Coleptera,Tenebrionidae,Tribolium,castaneum,Mixed,3,0.661,0.006,0.009077156,1.01,0.34,low food Female,2017,JOURNAL OF EVOLUTIONARY BIOLOGY,"Holman, L.; Jacomb, F.","The effects of stress and sex on selection, genetic covariance, and the evolutionary response",10.1111/jeb.13149,30,10,1898,1909
71,224,Animalia,Arthropoda,Insecta,Coleptera,Tenebrionidae,Tribolium,castaneum,Mixed,3,0.324,0.02,0.061728395,1.06,0.35,low food Male,2017,JOURNAL OF EVOLUTIONARY BIOLOGY,"Holman, L.; Jacomb, F.","The effects of stress and sex on selection, genetic covariance, and the evolutionary response",10.1111/jeb.13149,30,10,1898,1909
72,229,Viridiplantae ,Embryophyta,Superasterids,Asterales,Asteraceae,Solidago,altissima,Mixed,5,1.076,0.531,0.493494424,2.02,0.4,Herbivore,2017,EVOLUTION,"Uesugi, Akane; Connallon, Tim; Kessler, Andre; Monro, Keyne",Relaxation of herbivore-mediated selection drives the evolution of genetic covariances between plant competitive and defense traits,10.1111/evo.13247,71,6,1700,1709
72,229,Viridiplantae ,Embryophyta,Superasterids,Asterales,Asteraceae,Solidago,altissima,Mixed,5,1.078,0.538,0.499072356,1.98,0.4,Non-Herbivore,2017,EVOLUTION,"Uesugi, Akane; Connallon, Tim; Kessler, Andre; Monro, Keyne",Relaxation of herbivore-mediated selection drives the evolution of genetic covariances between plant competitive and defense traits,10.1111/evo.13247,71,6,1700,1709
73,230,Viridiplantae ,Embryophyta,Superrosids,Brassicales,Brassicaceae,Arabidopsis,lyrata,Mixed,5,0.235,0.153,0.65106383,2.25,0.45,STUC,2016,EVOLUTION,"Puentes, Adriana; Granath, Gustaf; Agren, Jon",Similarity in G matrix structure among natural populations of Arabidopsis lyrata,10.1111/evo.13034,70,10,2370,2386
73,230,Viridiplantae ,Embryophyta,Superrosids,Brassicales,Brassicaceae,Arabidopsis,lyrata,Mixed,5,0.262,0.124,0.473282443,2.16,0.43,STUS,2016,EVOLUTION,"Puentes, Adriana; Granath, Gustaf; Agren, Jon",Similarity in G matrix structure among natural populations of Arabidopsis lyrata,10.1111/evo.13034,70,10,2370,2386
73,230,Viridiplantae ,Embryophyta,Superrosids,Brassicales,Brassicaceae,Arabidopsis,lyrata,Mixed,5,0.728,0.219,0.300824176,1.66,0.33,SPIT,2016,EVOLUTION,"Puentes, Adriana; Granath, Gustaf; Agren, Jon",Similarity in G matrix structure among natural populations of Arabidopsis lyrata,10.1111/evo.13034,70,10,2370,2386
73,230,Viridiplantae ,Embryophyta,Superrosids,Brassicales,Brassicaceae,Arabidopsis,lyrata,Mixed,5,0.776,0.334,0.430412371,1.84,0.37,VIS,2016,EVOLUTION,"Puentes, Adriana; Granath, Gustaf; Agren, Jon",Similarity in G matrix structure among natural populations of Arabidopsis lyrata,10.1111/evo.13034,70,10,2370,2386
74,238,Viridiplantae ,Embryophyta,Superrosids,Brassicales,Brassicaceae,Arabidopsis,lyrata,Mixed,10,4.211,0.373,0.088577535,1.18,0.12,Wet 11A,2016,AMERICAN NATURALIST,"Paccard, Antoine; Van Buskirk, Josh; Willi, Yvonne",Quantitative Genetic Architecture at Latitudinal Range Boundaries: Reduced Variation but Higher Trait Independence,10.1086/685643,187,5,667,677
74,238,Viridiplantae ,Embryophyta,Superrosids,Brassicales,Brassicaceae,Arabidopsis,lyrata,Mixed,10,0.853,0.506,0.593200469,1.92,0.19,Wet 11AE,2016,AMERICAN NATURALIST,"Paccard, Antoine; Van Buskirk, Josh; Willi, Yvonne",Quantitative Genetic Architecture at Latitudinal Range Boundaries: Reduced Variation but Higher Trait Independence,10.1086/685643,187,5,667,677
74,238,Viridiplantae ,Embryophyta,Superrosids,Brassicales,Brassicaceae,Arabidopsis,lyrata,Mixed,10,2.683,1.468,0.547148714,1.84,0.18,Wet 11AJ,2016,AMERICAN NATURALIST,"Paccard, Antoine; Van Buskirk, Josh; Willi, Yvonne",Quantitative Genetic Architecture at Latitudinal Range Boundaries: Reduced Variation but Higher Trait Independence,10.1086/685643,187,5,667,677
74,238,Viridiplantae ,Embryophyta,Superrosids,Brassicales,Brassicaceae,Arabidopsis,lyrata,Mixed,10,1.207,0.206,0.170671085,1.53,0.15,Wet 11F,2016,AMERICAN NATURALIST,"Paccard, Antoine; Van Buskirk, Josh; Willi, Yvonne",Quantitative Genetic Architecture at Latitudinal Range Boundaries: Reduced Variation but Higher Trait Independence,10.1086/685643,187,5,667,677
74,238,Viridiplantae ,Embryophyta,Superrosids,Brassicales,Brassicaceae,Arabidopsis,lyrata,Mixed,10,1.33,0.433,0.32556391,1.64,0.16,Wet 11L,2016,AMERICAN NATURALIST,"Paccard, Antoine; Van Buskirk, Josh; Willi, Yvonne",Quantitative Genetic Architecture at Latitudinal Range Boundaries: Reduced Variation but Higher Trait Independence,10.1086/685643,187,5,667,677
74,238,Viridiplantae ,Embryophyta,Superrosids,Brassicales,Brassicaceae,Arabidopsis,lyrata,Mixed,10,2.105,0.409,0.194299287,1.46,0.15,Wet 11O,2016,AMERICAN NATURALIST,"Paccard, Antoine; Van Buskirk, Josh; Willi, Yvonne",Quantitative Genetic Architecture at Latitudinal Range Boundaries: Reduced Variation but Higher Trait Independence,10.1086/685643,187,5,667,677
74,238,Viridiplantae ,Embryophyta,Superrosids,Brassicales,Brassicaceae,Arabidopsis,lyrata,Mixed,10,3.644,0.354,0.097145993,1.24,0.12,Wet 11Q,2016,AMERICAN NATURALIST,"Paccard, Antoine; Van Buskirk, Josh; Willi, Yvonne",Quantitative Genetic Architecture at Latitudinal Range Boundaries: Reduced Variation but Higher Trait Independence,10.1086/685643,187,5,667,677
74,238,Viridiplantae ,Embryophyta,Superrosids,Brassicales,Brassicaceae,Arabidopsis,lyrata,Mixed,10,6.355,0.407,0.06404406,1.16,0.12,Wet 11U,2016,AMERICAN NATURALIST,"Paccard, Antoine; Van Buskirk, Josh; Willi, Yvonne",Quantitative Genetic Architecture at Latitudinal Range Boundaries: Reduced Variation but Higher Trait Independence,10.1086/685643,187,5,667,677
74,238,Viridiplantae ,Embryophyta,Superrosids,Brassicales,Brassicaceae,Arabidopsis,lyrata,Mixed,10,1.741,0.466,0.267662263,1.65,0.16,Wet 11X,2016,AMERICAN NATURALIST,"Paccard, Antoine; Van Buskirk, Josh; Willi, Yvonne",Quantitative Genetic Architecture at Latitudinal Range Boundaries: Reduced Variation but Higher Trait Independence,10.1086/685643,187,5,667,677
74,238,Viridiplantae ,Embryophyta,Superrosids,Brassicales,Brassicaceae,Arabidopsis,lyrata,Mixed,10,5.336,0.478,0.08958021,1.21,0.12,Dry 11A,2016,AMERICAN NATURALIST,"Paccard, Antoine; Van Buskirk, Josh; Willi, Yvonne",Quantitative Genetic Architecture at Latitudinal Range Boundaries: Reduced Variation but Higher Trait Independence,10.1086/685643,187,5,667,677
74,238,Viridiplantae ,Embryophyta,Superrosids,Brassicales,Brassicaceae,Arabidopsis,lyrata,Mixed,10,1.038,0.418,0.402697495,1.95,0.2,Dry 11AE,2016,AMERICAN NATURALIST,"Paccard, Antoine; Van Buskirk, Josh; Willi, Yvonne",Quantitative Genetic Architecture at Latitudinal Range Boundaries: Reduced Variation but Higher Trait Independence,10.1086/685643,187,5,667,677
74,238,Viridiplantae ,Embryophyta,Superrosids,Brassicales,Brassicaceae,Arabidopsis,lyrata,Mixed,10,2.876,0.434,0.150904033,1.33,0.13,Dry 11AJ,2016,AMERICAN NATURALIST,"Paccard, Antoine; Van Buskirk, Josh; Willi, Yvonne",Quantitative Genetic Architecture at Latitudinal Range Boundaries: Reduced Variation but Higher Trait Independence,10.1086/685643,187,5,667,677
74,238,Viridiplantae ,Embryophyta,Superrosids,Brassicales,Brassicaceae,Arabidopsis,lyrata,Mixed,10,1.21,0.196,0.161983471,1.39,0.14,Dry 11F,2016,AMERICAN NATURALIST,"Paccard, Antoine; Van Buskirk, Josh; Willi, Yvonne",Quantitative Genetic Architecture at Latitudinal Range Boundaries: Reduced Variation but Higher Trait Independence,10.1086/685643,187,5,667,677
74,238,Viridiplantae ,Embryophyta,Superrosids,Brassicales,Brassicaceae,Arabidopsis,lyrata,Mixed,10,2.263,0.361,0.159522757,1.37,0.14,Dry 11L,2016,AMERICAN NATURALIST,"Paccard, Antoine; Van Buskirk, Josh; Willi, Yvonne",Quantitative Genetic Architecture at Latitudinal Range Boundaries: Reduced Variation but Higher Trait Independence,10.1086/685643,187,5,667,677
74,238,Viridiplantae ,Embryophyta,Superrosids,Brassicales,Brassicaceae,Arabidopsis,lyrata,Mixed,10,3.641,0.325,0.089261192,1.22,0.12,Dry 11O,2016,AMERICAN NATURALIST,"Paccard, Antoine; Van Buskirk, Josh; Willi, Yvonne",Quantitative Genetic Architecture at Latitudinal Range Boundaries: Reduced Variation but Higher Trait Independence,10.1086/685643,187,5,667,677
74,238,Viridiplantae ,Embryophyta,Superrosids,Brassicales,Brassicaceae,Arabidopsis,lyrata,Mixed,10,3.021,0.377,0.124793115,1.22,0.12,Dry 11Q,2016,AMERICAN NATURALIST,"Paccard, Antoine; Van Buskirk, Josh; Willi, Yvonne",Quantitative Genetic Architecture at Latitudinal Range Boundaries: Reduced Variation but Higher Trait Independence,10.1086/685643,187,5,667,677
74,238,Viridiplantae ,Embryophyta,Superrosids,Brassicales,Brassicaceae,Arabidopsis,lyrata,Mixed,10,7.398,0.26,0.035144634,1.11,0.11,Dry 11U,2016,AMERICAN NATURALIST,"Paccard, Antoine; Van Buskirk, Josh; Willi, Yvonne",Quantitative Genetic Architecture at Latitudinal Range Boundaries: Reduced Variation but Higher Trait Independence,10.1086/685643,187,5,667,677
74,238,Viridiplantae ,Embryophyta,Superrosids,Brassicales,Brassicaceae,Arabidopsis,lyrata,Mixed,10,2.252,0.506,0.224689165,1.56,0.16,Dry 11X,2016,AMERICAN NATURALIST,"Paccard, Antoine; Van Buskirk, Josh; Willi, Yvonne",Quantitative Genetic Architecture at Latitudinal Range Boundaries: Reduced Variation but Higher Trait Independence,10.1086/685643,187,5,667,677
75,244,Animalia,Chordata,Actinopterygii,Cyprinodontiformes,Poeciliidae,Xiphophorus,birchmanni,Mixed,6,0.164,0.059,0.359756098,1.42,0.24,,2018,EVOLUTION,"Boulton, Kay; Walling, Craig A.; Grimmer, Andrew J.; Rosenthal, Gil G.; Wilson, Alastair J.","Phenotypic and genetic integration of personality and growth under competition in the sheepshead swordtail, Xiphophorus birchmanni",10.1111/evo.13398,72,1,187,201
76,253,Animalia,Chordata,Reptilia,Squamata,Dactyloidae,Anolis,sagrei,Morph,6,1759.837,25.195,0.014316667,1.03,0.17,,2017,JOURNAL OF EVOLUTIONARY BIOLOGY,"Cox, R. M.; Costello, R. A.; Camber, B. E.; McGlothlin, J. W.",Multivariate genetic architecture of the Anolis dewlap reveals both shared and sex-specific features of a sexually dimorphic ornament,10.1111/jeb.13080,30,7,1262,1275
77,259,Animalia,Chordata,Reptilia,Squamata,Dactyloidae,Anolis,cristatellus,Morph,8,3.826,1.742,0.455305802,1.84,0.23,,2018,EVOLUTION LETTERS,"McGlothlin, Joel W.; Kobiela, Megan E.; Wright, Helen, V; Mahler, D. Luke; Kolbe, Jason J.; Losos, Jonathan B.; Brodie, Edmund D., III",Adaptive radiation along a deeply conserved genetic line of least resistance in Anolis lizards,10.1002/evl3.72,2,4,310,322
77,259,Animalia,Chordata,Reptilia,Squamata,Dactyloidae,Anolis,evermanni,Morph,8,4.46,1.446,0.324215247,1.58,0.2,,2018,EVOLUTION LETTERS,"McGlothlin, Joel W.; Kobiela, Megan E.; Wright, Helen, V; Mahler, D. Luke; Kolbe, Jason J.; Losos, Jonathan B.; Brodie, Edmund D., III",Adaptive radiation along a deeply conserved genetic line of least resistance in Anolis lizards,10.1002/evl3.72,2,4,310,322
77,259,Animalia,Chordata,Reptilia,Squamata,Dactyloidae,Anolis,grahami,Morph,8,3.083,0.817,0.265001622,1.6,0.2,,2018,EVOLUTION LETTERS,"McGlothlin, Joel W.; Kobiela, Megan E.; Wright, Helen, V; Mahler, D. Luke; Kolbe, Jason J.; Losos, Jonathan B.; Brodie, Edmund D., III",Adaptive radiation along a deeply conserved genetic line of least resistance in Anolis lizards,10.1002/evl3.72,2,4,310,322
77,259,Animalia,Chordata,Reptilia,Squamata,Dactyloidae,Anolis,lineatopus,Morph,8,3.525,1.392,0.394893617,1.77,0.22,,2018,EVOLUTION LETTERS,"McGlothlin, Joel W.; Kobiela, Megan E.; Wright, Helen, V; Mahler, D. Luke; Kolbe, Jason J.; Losos, Jonathan B.; Brodie, Edmund D., III",Adaptive radiation along a deeply conserved genetic line of least resistance in Anolis lizards,10.1002/evl3.72,2,4,310,322
77,259,Animalia,Chordata,Reptilia,Squamata,Dactyloidae,Anolis,pulchellus,Morph,8,2.597,1.172,0.45128995,1.95,0.24,,2018,EVOLUTION LETTERS,"McGlothlin, Joel W.; Kobiela, Megan E.; Wright, Helen, V; Mahler, D. Luke; Kolbe, Jason J.; Losos, Jonathan B.; Brodie, Edmund D., III",Adaptive radiation along a deeply conserved genetic line of least resistance in Anolis lizards,10.1002/evl3.72,2,4,310,322
77,259,Animalia,Chordata,Reptilia,Squamata,Dactyloidae,Anolis,sagrei,Morph,8,1.97,0.603,0.306091371,1.81,0.23,,2018,EVOLUTION LETTERS,"McGlothlin, Joel W.; Kobiela, Megan E.; Wright, Helen, V; Mahler, D. Luke; Kolbe, Jason J.; Losos, Jonathan B.; Brodie, Edmund D., III",Adaptive radiation along a deeply conserved genetic line of least resistance in Anolis lizards,10.1002/evl3.72,2,4,310,322
77,259,Animalia,Chordata,Reptilia,Squamata,Dactyloidae,Anolis,smaragdinus,Morph,8,2.12,0.797,0.375943396,1.75,0.22,,2018,EVOLUTION LETTERS,"McGlothlin, Joel W.; Kobiela, Megan E.; Wright, Helen, V; Mahler, D. Luke; Kolbe, Jason J.; Losos, Jonathan B.; Brodie, Edmund D., III",Adaptive radiation along a deeply conserved genetic line of least resistance in Anolis lizards,10.1002/evl3.72,2,4,310,322
77,259,Animalia,Chordata,Reptilia,Squamata,Dactyloidae,Anolis,sp.,Morph,8,2.906,1.092,0.37577426,1.85,0.23,Ancestral Species,2018,EVOLUTION LETTERS,"McGlothlin, Joel W.; Kobiela, Megan E.; Wright, Helen, V; Mahler, D. Luke; Kolbe, Jason J.; Losos, Jonathan B.; Brodie, Edmund D., III",Adaptive radiation along a deeply conserved genetic line of least resistance in Anolis lizards,10.1002/evl3.72,2,4,310,322
78,260,Animalia,Arthropoda,Insecta,Diptera,Drosophilidae,Drosophila,serrata,Phys,8,4.931,0.012,0.002433583,1,0.13,,2017,AMERICAN NATURALIST,"Sztepanacz, Jacqueline L.; Blows, Mark W.",Artificial Selection to Increase the Phenotypic Variance in <it><bold>g</it>(</bold>max) Fails,10.1086/693959,190,5,707,723
79,261,Animalia,Chordata,Aves,Passeriformes,Paridae,Parus,major,Morph,4,1.259,0.165,0.131056394,1.2,0.3,Males,2016,JOURNAL OF EVOLUTIONARY BIOLOGY,"Poissant, J.; Morrissey, M. B.; Gosler, A. G.; Slate, J.; Sheldon, B. C.",Multivariate selection and intersexual genetic constraints in a wild bird population,10.1111/jeb.12925,29,10,2022,2035
79,261,Animalia,Chordata,Aves,Passeriformes,Paridae,Parus,major,Morph,4,1.277,0.226,0.176977291,1.25,0.31,Females,2016,JOURNAL OF EVOLUTIONARY BIOLOGY,"Poissant, J.; Morrissey, M. B.; Gosler, A. G.; Slate, J.; Sheldon, B. C.",Multivariate selection and intersexual genetic constraints in a wild bird population,10.1111/jeb.12925,29,10,2022,2035
80,262,Viridiplantae ,Embryophyta,Superrosids,Brassicales,Brassicaceae,Boechera,stricta,Phys,6,2.497,0.681,0.272727273,1.57,0.26,Full Population,2019,Evolution; international journal of organic evolution,"Keith, Rose A; Mitchell-Olds, Thomas",Antagonistic selection and pleiotropy constrain the evolution of plant chemical defenses.,10.1111/evo.13728,73,5,947,960
80,262,Viridiplantae ,Embryophyta,Superrosids,Brassicales,Brassicaceae,Boechera,stricta,Phys,6,0.753,0.378,0.501992032,2.32,0.39,BC Subpopulation,2019,Evolution; international journal of organic evolution,"Keith, Rose A; Mitchell-Olds, Thomas",Antagonistic selection and pleiotropy constrain the evolution of plant chemical defenses.,10.1111/evo.13728,73,5,947,960
